"","date","prediction","lower_bound","upper_bound"
"1",1989-01-01,15.9367947020738,10.7005051916907,20.9219388188774
"2",1989-01-02,16.2672814997257,10.8757599523876,21.0912505460635
"3",1989-01-03,16.3959299634449,11.4167223656123,21.3944746030502
"4",1989-01-04,16.2993912881699,11.6304759425839,21.5062902832181
"5",1989-01-05,15.7875904819776,11.080223719362,20.8189225717415
"6",1989-01-06,15.6494578443648,10.7124514724739,20.7772144800048
"7",1989-01-07,15.7066993155374,10.9208870599737,20.55557913251
"8",1989-01-08,15.6282330771209,10.5918043145705,20.3689657692389
"9",1989-01-09,16.1462894715781,11.2078593936604,21.1258581282895
"10",1989-01-10,16.5002252938522,11.3756103760578,21.0339775203992
"11",1989-01-11,16.6507893622747,11.7298741403371,22.0731477804347
"12",1989-01-12,16.3812871212173,11.0847007840052,21.4882562265489
"13",1989-01-13,16.408023660043,11.5678331045885,21.4498233604951
"14",1989-01-14,16.4558279485348,11.5949224723404,21.5202895500586
"15",1989-01-15,16.1430472943064,11.392191030815,21.0318700815887
"16",1989-01-16,16.2532132863312,10.8578238794827,20.9657387823347
"17",1989-01-17,16.1614950362182,11.0718406084495,21.2430016797326
"18",1989-01-18,15.965560127679,11.0242586391328,21.0906080978493
"19",1989-01-19,15.506467631958,10.8724978981316,20.5276815906211
"20",1989-01-20,15.4697498644269,10.2989321569879,20.4760119851142
"21",1989-01-21,15.5245978988579,10.4402430508538,20.5751595633116
"22",1989-01-22,15.2797468709012,10.7012319572018,20.6688041235471
"23",1989-01-23,15.5627463310235,10.7852899299696,20.2003796310353
"24",1989-01-24,15.7839202649816,11.0073976314229,20.9438704166011
"25",1989-01-25,15.9989321212103,10.8217932425349,20.898041079437
"26",1989-01-26,15.9291832571235,10.8727542658795,20.9921169728877
"27",1989-01-27,16.1407565663174,10.8022844485907,21.342287871426
"28",1989-01-28,16.2740908467402,11.1405333003378,21.3308780249049
"29",1989-01-29,16.0206535947062,10.6904748307493,20.8323746863241
"30",1989-01-30,16.3311931085609,11.0392535188015,21.7176021515188
"31",1989-01-31,16.6765111328627,11.5998059392895,21.833036846223
"32",1989-02-01,17.0620583980972,12.3310741935607,22.2974855887903
"33",1989-02-02,17.0921747182157,11.9321483576599,22.2803631830772
"34",1989-02-03,17.2405869864551,12.3054047117289,22.3788832541404
"35",1989-02-04,17.1392672638687,12.4601967634003,22.2680798740133
"36",1989-02-05,16.540395932406,11.6139377307367,21.9091114979908
"37",1989-02-06,16.4662640484502,11.6217521832527,21.6102991987259
"38",1989-02-07,16.4329746445095,11.6195932316231,21.1263641897819
"39",1989-02-08,16.4810947833662,11.6235130273486,21.3945031593717
"40",1989-02-09,16.2775157763504,11.3034912015371,21.504747638712
"41",1989-02-10,16.386425474682,11.4744660376735,21.7128519338417
"42",1989-02-11,16.5008103229946,11.4345698884728,21.5251879871798
"43",1989-02-12,16.3339278340306,11.6197344378724,21.2646596243321
"44",1989-02-13,16.7558902182036,11.6753052419939,21.7793026872909
"45",1989-02-14,17.0878955875844,12.1086472060891,22.3418396403605
"46",1989-02-15,17.2397450780053,12.3118651818653,22.3975906891576
"47",1989-02-16,16.8730253813259,11.8787040587872,21.3429212321912
"48",1989-02-17,16.645237026089,11.5314513936333,21.4253195373872
"49",1989-02-18,16.3602293457711,11.5347144702713,21.5041187844059
"50",1989-02-19,15.8002324871024,10.871235505163,20.6245289823107
"51",1989-02-20,15.8694651159988,10.8986548537502,20.9777102105698
"52",1989-02-21,15.9351848838626,10.7185081783778,20.960199515189
"53",1989-02-22,15.9845689613448,10.5988849680007,20.9906413804589
"54",1989-02-23,15.7434410693171,10.4797988785604,20.6208654294937
"55",1989-02-24,15.8476454240522,10.7719694745259,20.9867483282617
"56",1989-02-25,15.9684208386902,10.8629566779239,21.1033405795949
"57",1989-02-26,15.7084743189351,10.379363617076,20.5736907180403
"58",1989-02-27,15.8594905224143,10.8578003813279,20.8554550637393
"59",1989-02-28,15.8165460875756,10.7773111968363,20.8412953460851
"60",1989-03-01,15.7061449052078,10.8957692124956,20.2359086876122
"61",1989-03-02,15.3972256900918,10.5163009322775,20.8123512402882
"62",1989-03-03,15.5741684412113,10.7830991599205,20.6058975048279
"63",1989-03-04,15.8483033549482,10.4958636295595,20.9058077029603
"64",1989-03-05,15.7230525109977,10.4869072131969,20.8828383103901
"65",1989-03-06,15.9332412783817,11.4043412104792,20.7076389455293
"66",1989-03-07,15.8841407324452,11.1314344873726,20.8999545026643
"67",1989-03-08,15.7400075701795,10.2138852129881,20.7946377460979
"68",1989-03-09,15.3857881166698,10.4548574317287,20.4039263685319
"69",1989-03-10,15.4963648540327,10.5849280698608,20.3405987396196
"70",1989-03-11,15.6894168408854,10.6942643361377,20.8732108477773
"71",1989-03-12,15.5236427453973,10.3249191961867,20.3146143135013
"72",1989-03-13,15.8146502939413,10.9095770397182,20.6040402892008
"73",1989-03-14,16.0046660896352,11.0558451610805,21.4147969800547
"74",1989-03-15,16.1992866599571,11.0256365055651,21.3419556812035
"75",1989-03-16,16.1500040181743,10.872861966976,21.1942198860755
"76",1989-03-17,16.4071590621597,11.2787320431046,21.1531863515996
"77",1989-03-18,16.5501023319655,11.432327461947,21.3265950491475
"78",1989-03-19,16.1912789767873,10.7338575690707,21.1782231400674
"79",1989-03-20,16.2272198220965,11.416047318177,21.6668258557073
"80",1989-03-21,16.1380981883467,11.1164026462609,21.1647735707094
"81",1989-03-22,16.0160913078024,10.9322807941129,20.6742882737445
"82",1989-03-23,15.6048476060314,10.5133467164384,21.1687449287461
"83",1989-03-24,15.5114318972045,10.6192887364751,20.3956731380903
"84",1989-03-25,15.4296248721591,10.398763236906,20.3108630120155
"85",1989-03-26,15.0668251394004,9.8319679674832,19.9152828925202
"86",1989-03-27,15.3140490086258,10.1882788084327,20.7818637883146
"87",1989-03-28,15.5366356662212,10.8684304501311,20.2852564172207
"88",1989-03-29,15.6788011435428,10.8478073715654,20.4697854156823
"89",1989-03-30,15.4002632051964,10.0109636395367,20.6700035094584
"90",1989-03-31,15.323861913189,10.3283686680762,20.3452791254198
"91",1989-04-01,15.2082065866274,10.2691138083941,20.1839714180089
"92",1989-04-02,14.7918875228986,10.1677871404205,20.1787013849256
"93",1989-04-03,14.9294205299841,9.98000878572163,19.957818443444
"94",1989-04-04,14.9272863336556,9.72992691831432,20.0196887893395
"95",1989-04-05,14.7266119124218,9.53648698935418,19.8417648793341
"96",1989-04-06,14.0731009184141,9.28087403096684,19.4692247093459
"97",1989-04-07,13.7189588083431,8.46929025528241,18.7119330719633
"98",1989-04-08,13.5112556339691,8.68234049177327,18.3177523476883
"99",1989-04-09,13.1877002168467,8.04850091759221,18.1192979711721
"100",1989-04-10,13.5371015483919,8.59167251003874,18.3805034209666
"101",1989-04-11,13.7999785211849,9.22441712093704,18.7406143148666
"102",1989-04-12,13.8892097339701,8.68194358767901,19.014206431142
"103",1989-04-13,13.5385769538754,8.64146570624353,18.3919205674311
"104",1989-04-14,13.4566200996452,8.51445340686205,18.5268019975784
"105",1989-04-15,13.4028972382611,8.03792735554189,18.4636729646455
"106",1989-04-16,13.0338356489626,8.21799105473782,17.9688885317895
"107",1989-04-17,13.1348818252213,8.07584894263789,18.3658940968219
"108",1989-04-18,13.0443900259207,7.92961164452848,18.0969170385782
"109",1989-04-19,12.8190122412844,7.42119184019907,18.209146029499
"110",1989-04-20,12.2910985470987,7.35950910311259,17.155712517632
"111",1989-04-21,12.1733965039102,7.2628302971002,17.0458371461553
"112",1989-04-22,12.1679547916706,6.82902909873299,17.0635080337641
"113",1989-04-23,11.8898952507557,7.03255152358279,16.7451106604385
"114",1989-04-24,12.1446641365124,6.84959580738281,17.1499169876061
"115",1989-04-25,12.3199097921091,7.42154149054866,17.3978422867851
"116",1989-04-26,12.4747747929176,7.80772815117194,17.4127591062992
"117",1989-04-27,12.3563400329034,7.41048426055673,17.5817853076596
"118",1989-04-28,12.5470580957623,7.40172804642584,17.6909204320747
"119",1989-04-29,12.6688431027614,7.58672224497593,17.9368421054093
"120",1989-04-30,12.3699953550962,7.29483941047234,17.0656092038533
"121",1989-05-01,12.5739627047939,7.60505581463279,17.7281426804796
"122",1989-05-02,12.7725779751056,7.51393599819012,17.9976714436319
"123",1989-05-03,13.0304377004391,8.20833274752589,18.0312664555015
"124",1989-05-04,13.0005036887308,8.01027278968429,17.9007860762463
"125",1989-05-05,13.1496848500224,8.10712071219329,18.1534828956738
"126",1989-05-06,13.0484533021219,8.06160434509315,18.4698356403271
"127",1989-05-07,12.3811876867755,7.22369030228521,17.3571152443737
"128",1989-05-08,12.1506343172199,7.09056755631912,17.3252342174212
"129",1989-05-09,11.9147632776503,6.65425506372963,16.3189228832608
"130",1989-05-10,11.778927268649,6.47631266145381,16.7003857274818
"131",1989-05-11,11.4436661093857,6.20243876679395,16.0357061336332
"132",1989-05-12,11.4546145153257,6.77315471599719,16.724724616287
"133",1989-05-13,11.4621995556199,6.36388825872889,16.5382212354491
"134",1989-05-14,11.1608188157584,6.3197707330443,16.3819818245277
"135",1989-05-15,11.446333911371,6.74376581242846,16.9506963776439
"136",1989-05-16,11.6855236203293,6.3686226760822,16.5307906091798
"137",1989-05-17,11.8083927072979,6.85059833047911,16.601776913458
"138",1989-05-18,11.4496335055584,6.45275460343877,16.574022518114
"139",1989-05-19,11.2148087058032,6.10257385255964,16.3469355827522
"140",1989-05-20,10.8748899544053,5.70707744359022,15.9608246739946
"141",1989-05-21,10.2229587594691,5.1023828122868,15.1795790315064
"142",1989-05-22,10.2020361129113,5.16795219350925,15.3945322165843
"143",1989-05-23,10.20828877873,4.83209339772395,15.0580736533369
"144",1989-05-24,10.2258583754907,4.89930686621098,15.3545532907359
"145",1989-05-25,9.95864637329777,5.14105797703872,14.9188201591784
"146",1989-05-26,10.0324452137898,5.10824993132386,15.5919108329625
"147",1989-05-27,10.1338569665409,5.00867023012115,14.9986057687845
"148",1989-05-28,9.88701515989906,5.07546794570394,14.9701524924551
"149",1989-05-29,10.0792697361884,5.29571214668311,14.7723566731389
"150",1989-05-30,10.067371101935,5.14965662509699,15.079579073002
"151",1989-05-31,9.93485856998213,4.78069981099154,15.0269299427479
"152",1989-06-01,9.54504204894367,4.60404020107207,14.3099352601701
"153",1989-06-02,9.62694391103625,4.48463752021804,14.7175095307337
"154",1989-06-03,9.85330484732367,4.74349037537057,14.607688355171
"155",1989-06-04,9.75227261739311,4.63921364341033,14.9611496903164
"156",1989-06-05,10.0213543876676,4.61778163594216,15.6009688437821
"157",1989-06-06,9.99422972043991,5.21307305406559,14.9743884219588
"158",1989-06-07,9.78752952275237,4.75766400744393,14.6752815735411
"159",1989-06-08,9.30035363841549,4.19736521913169,14.2235812076831
"160",1989-06-09,9.26805840223761,4.25336816947157,14.2973970878453
"161",1989-06-10,9.36158376708633,4.32973317735633,14.9098616703069
"162",1989-06-11,9.14290233865654,4.33869339497194,14.1454421994574
"163",1989-06-12,9.38613346468924,4.54548815812522,14.7204183886935
"164",1989-06-13,9.49250900834346,4.71605995074051,14.7476251487141
"165",1989-06-14,9.56830255632799,4.51002076567897,14.8197239928553
"166",1989-06-15,9.40646288032275,4.34401660157696,14.1612029244877
"167",1989-06-16,9.59973513036645,4.44638199829302,14.5010338764482
"168",1989-06-17,9.73146125914335,4.76259867138109,14.587403158654
"169",1989-06-18,9.37772783063178,4.06747639074241,13.9557706773122
"170",1989-06-19,9.39358051820165,4.39319944265926,14.128018604
"171",1989-06-20,9.24961970360636,4.1899291934412,13.9034439332505
"172",1989-06-21,9.06436251261262,4.28933188758659,13.7493176500098
"173",1989-06-22,8.61383118815641,3.54758559988333,13.5826885603943
"174",1989-06-23,8.51194587584981,3.78340910298293,13.5078063121367
"175",1989-06-24,8.43246761664647,3.50605007064071,13.7252665086158
"176",1989-06-25,8.06429340135504,3.38727986487785,12.8860837645876
"177",1989-06-26,8.30807142470569,3.4226339543694,13.4978710049243
"178",1989-06-27,8.56197296483524,3.36248331862331,13.8037809149149
"179",1989-06-28,8.79294884527695,3.7705129719706,13.9048449283436
"180",1989-06-29,8.64565520456835,3.35850381753133,13.4118385497777
"181",1989-06-30,8.69866338388213,3.87833577957795,13.5986462580793
"182",1989-07-01,8.67718247098743,3.49726407763225,13.6614396796624
"183",1989-07-02,8.33094786322195,3.35226664612281,13.5703902993323
"184",1989-07-03,8.56261399593555,3.55616839215616,13.4233254378552
"185",1989-07-04,8.71845885601287,3.94737516360838,13.5384116669767
"186",1989-07-05,8.72891575685552,3.62365609946707,13.478215462789
"187",1989-07-06,8.28039929796946,3.13722367705067,13.298642024505
"188",1989-07-07,8.06456374358479,2.68971336866702,12.8769629237222
"189",1989-07-08,7.91824196844194,2.96790931882423,13.0349684938442
"190",1989-07-09,7.62846455529336,2.53999955344852,12.4439831794127
"191",1989-07-10,8.05100364025507,2.96224258009154,12.802319624313
"192",1989-07-11,8.45527079421836,2.97002182611833,13.5560577933458
"193",1989-07-12,8.72466620886587,3.47540186015784,14.0831524118174
"194",1989-07-13,8.53625986047048,3.70798998037299,13.4594244121947
"195",1989-07-14,8.56642371656604,4.23388372729409,13.4493756313874
"196",1989-07-15,8.59174828285825,3.95507619835282,13.4982163616327
"197",1989-07-16,8.31223600916597,2.80022609798748,13.2106608022673
"198",1989-07-17,8.53807698101078,3.05138281892915,13.77247385054
"199",1989-07-18,8.58957105020179,3.66564770142443,13.7558055890153
"200",1989-07-19,8.48120212924241,3.68901144760065,13.6242924326738
"201",1989-07-20,8.01994506047925,3.0194296803714,12.38308723954
"202",1989-07-21,7.93273449098884,2.99358973027147,13.2166991346389
"203",1989-07-22,7.95952469637941,2.82600631605966,12.9179323070952
"204",1989-07-23,7.74077858467793,2.62262678692949,12.9514728201132
"205",1989-07-24,8.07505733346143,3.12981527594419,13.0168408645417
"206",1989-07-25,8.32615770492529,3.21644828037033,13.3372269957946
"207",1989-07-26,8.54436265243448,3.67710133453088,13.364653323005
"208",1989-07-27,8.49631814476483,3.3775483110941,13.7337491886222
"209",1989-07-28,8.79193281508807,3.8822127217429,14.2194852562554
"210",1989-07-29,9.05500853176616,4.19501569097781,13.8588364534704
"211",1989-07-30,8.90052421431676,3.97849884150895,13.9640388922557
"212",1989-07-31,9.21200605628353,4.40658700174691,14.43795558457
"213",1989-08-01,9.47672273466246,4.64419605922138,14.2566428708228
"214",1989-08-02,9.80344568366648,4.89731255132435,15.3367209888303
"215",1989-08-03,9.90506531695428,4.67393813187309,15.0728330632411
"216",1989-08-04,10.2710271874364,5.42636130797287,15.477475635005
"217",1989-08-05,10.4316551785794,5.37875022065831,15.6282623947661
"218",1989-08-06,9.99629292951886,5.09922882118223,14.8880957021484
"219",1989-08-07,9.91626776230686,5.13322041688069,14.9365612664105
"220",1989-08-08,9.76019819125736,4.45636447971452,14.4935956562306
"221",1989-08-09,9.69156976208919,4.62909052322714,14.7148583819745
"222",1989-08-10,9.46373098666404,4.45148696818051,14.5051995700484
"223",1989-08-11,9.62713850733163,4.37032558553823,14.6709477281517
"224",1989-08-12,9.79349997512081,4.57680964279621,15.2297323291497
"225",1989-08-13,9.61864832907613,4.27111226500352,14.7003671971196
"226",1989-08-14,9.9994018632928,4.48878572454602,14.6771590891843
"227",1989-08-15,10.3408308123524,5.38017346359637,15.0856327536881
"228",1989-08-16,10.6086387620742,5.44896918425311,15.8329797321087
"229",1989-08-17,10.4326296818811,5.29502613053528,15.4174841658724
"230",1989-08-18,10.3734404972699,5.50430302526977,15.6725982653652
"231",1989-08-19,10.1550422652065,5.2465328028153,15.1558853386915
"232",1989-08-20,9.56039163042576,4.48568672143057,14.5418584106757
"233",1989-08-21,9.56349860670522,4.47517344381504,14.6966844338863
"234",1989-08-22,9.60108455813601,4.5123256693989,14.7753544916413
"235",1989-08-23,9.67281137681517,4.52443125117629,14.4992187534152
"236",1989-08-24,9.46840858288268,4.74217356169641,14.7015151297588
"237",1989-08-25,9.59593467639932,4.31951939983913,14.2846362558025
"238",1989-08-26,9.74702823985237,4.88973398949674,14.8260457893275
"239",1989-08-27,9.57058539381864,4.51489141840744,14.4837579448029
"240",1989-08-28,9.86854652629327,4.64558997985352,15.0118276624085
"241",1989-08-29,9.97801538376106,5.05904058238683,14.868384658003
"242",1989-08-30,9.93970972708758,4.53695784064764,15.1872496011261
"243",1989-08-31,9.59136170148458,4.86252472512245,14.4881628157234
"244",1989-09-01,9.68538953144089,4.40787179564811,14.6391486702491
"245",1989-09-02,9.95582127190679,5.05372915309433,14.9985556547668
"246",1989-09-03,9.98082532697708,5.23099338378398,15.263867402509
"247",1989-09-04,10.4517636470237,5.20489007753398,15.5974568923653
"248",1989-09-05,10.6411459240611,5.98279452453542,16.1568208602658
"249",1989-09-06,10.5981306729857,5.92221289187395,15.8955730709993
"250",1989-09-07,10.2025134270745,5.47401781939181,15.0115427071572
"251",1989-09-08,10.2310286152963,5.23292989972194,15.3257381178191
"252",1989-09-09,10.4172424029901,5.45240859275228,15.4010551826223
"253",1989-09-10,10.3522313986478,5.21982535251146,15.2249164196174
"254",1989-09-11,10.7846828300472,5.55067773277438,15.7531888569109
"255",1989-09-12,11.0651202830527,6.12675525910974,16.3400376378888
"256",1989-09-13,11.2733905426279,6.22829511920338,16.1361608505202
"257",1989-09-14,11.223181297319,6.22605294018113,16.5609202323881
"258",1989-09-15,11.5516196757876,6.21575307641919,16.8725796060758
"259",1989-09-16,11.864762699856,6.9685352808726,16.8682198030286
"260",1989-09-17,11.7164552792809,6.81805185129653,16.6028392797235
"261",1989-09-18,11.9140922489444,6.94038838131571,17.0175082604951
"262",1989-09-19,11.8968684533046,6.9772779845392,16.5986211094645
"263",1989-09-20,11.7914822378101,6.66001344602952,16.8600572224339
"264",1989-09-21,11.4064106483752,6.2080886775057,16.6799901838675
"265",1989-09-22,11.376671454898,6.36068309763535,16.5602291158969
"266",1989-09-23,11.3668874650638,6.35028624478777,16.5989900034416
"267",1989-09-24,11.042526116041,5.93470381841291,16.2637079182773
"268",1989-09-25,11.2986690577141,6.57229601896299,16.2998765520237
"269",1989-09-26,11.5585786096064,6.06197367567944,16.3660861785553
"270",1989-09-27,11.8228865542526,6.85873589956719,16.5098811784463
"271",1989-09-28,11.7429872795215,6.66363420532347,16.6647557018959
"272",1989-09-29,11.8657087826358,6.63966914306639,16.9513610152374
"273",1989-09-30,11.8737373249767,6.52699282115565,16.8116016736935
"274",1989-10-01,11.5061087058906,6.63115845216206,16.4028061577077
"275",1989-10-02,11.7021849758979,6.60711966054782,16.4845822617897
"276",1989-10-03,11.8624928674478,6.61198012158352,16.6063850598802
"277",1989-10-04,11.9390408422165,7.01307806770154,16.6335347648333
"278",1989-10-05,11.5834302851211,6.87509961280928,17.0108543011048
"279",1989-10-06,11.4233853268334,6.66531132251542,16.3506923152709
"280",1989-10-07,11.2585642894743,6.14335846749988,16.4437163391415
"281",1989-10-08,10.9001061382789,6.07584755864926,15.9316597565096
"282",1989-10-09,11.2707212676465,6.12942522724055,16.3098918944735
"283",1989-10-10,11.6943494717082,7.03078524283722,16.4563617975587
"284",1989-10-11,12.0537408333107,6.91322363715456,16.87617266578
"285",1989-10-12,11.9768400469282,7.12440912279636,17.2980565485791
"286",1989-10-13,12.0899022667643,7.33148421271911,16.8680612858895
"287",1989-10-14,12.1617079265719,7.20810028387325,17.606132253837
"288",1989-10-15,11.9272414577909,6.97407685995093,16.513188954907
"289",1989-10-16,12.2350617617112,7.43326296214135,16.9535422331769
"290",1989-10-17,12.4075462998836,7.4672413362067,17.3500040424454
"291",1989-10-18,12.4223881541864,7.68332086602327,17.0950657111176
"292",1989-10-19,12.0455419086338,6.99017463959847,17.2650748619104
"293",1989-10-20,11.995349748705,7.50549552868838,16.8592351211406
"294",1989-10-21,12.0393164936449,7.26955341400103,16.6888403010518
"295",1989-10-22,11.8513079771814,7.01492280902219,16.367760730103
"296",1989-10-23,12.2369227364949,6.79500659228304,17.3474630615907
"297",1989-10-24,12.5384764153806,7.54610170419756,17.3647622629678
"298",1989-10-25,12.7840927836059,8.02873890589757,18.2168299790352
"299",1989-10-26,12.7443434674653,7.97596085409458,17.878632753414
"300",1989-10-27,13.0553351408094,7.98261870898185,18.1900804884817
"301",1989-10-28,13.3580056096,8.53785814056301,18.18127821418
"302",1989-10-29,13.249928041779,8.10248938011248,18.3225264810909
"303",1989-10-30,13.5728830091072,8.27051682168312,18.5726369499235
"304",1989-10-31,13.7883420991728,8.58546030015976,18.5856135705696
"305",1989-11-01,14.0273715292347,8.97389788586407,19.2097048436754
"306",1989-11-02,14.0627425668305,8.95788382560647,19.0300814833644
"307",1989-11-03,14.4326114258302,9.24126254502059,19.4259103439585
"308",1989-11-04,14.6600585084109,10.1752531471102,19.5347718363239
"309",1989-11-05,14.2923439854992,9.23902017427846,19.4897839039062
"310",1989-11-06,14.2127008947547,9.17203527063311,18.9981374321878
"311",1989-11-07,13.9705550344205,9.27570634604925,18.6872180031057
"312",1989-11-08,13.7723462941387,8.40216651728478,18.7532482989992
"313",1989-11-09,13.4377880483884,8.68518451215182,18.8351226419449
"314",1989-11-10,13.5525437964955,8.48090267613443,18.8822348904488
"315",1989-11-11,13.7107069352105,8.45912342053715,18.9689360871826
"316",1989-11-12,13.5254202752193,8.06252125834511,18.3535236474229
"317",1989-11-13,13.8733306911616,9.07631447624101,18.9524088612388
"318",1989-11-14,14.1830598482877,9.07322383573453,18.9782980145913
"319",1989-11-15,14.4634163136141,9.58217556444484,19.5583250857378
"320",1989-11-16,14.3623601845626,9.3414886193838,19.3044067540856
"321",1989-11-17,14.4125569635906,9.21627463890064,19.4536370698759
"322",1989-11-18,14.2861103642445,9.11223194613931,19.3514595269706
"323",1989-11-19,13.7340674796442,8.76038263640797,18.9709321104587
"324",1989-11-20,13.7425811013444,8.24638729985485,18.6665851232435
"325",1989-11-21,13.7881170996915,8.68024084414647,18.7770836221556
"326",1989-11-22,13.8993288195301,8.94555160045098,18.7537343515378
"327",1989-11-23,13.7619756309042,8.8055104315111,18.8034067004556
"328",1989-11-24,13.960488553145,9.0200425812348,19.1499082184012
"329",1989-11-25,14.1745211695068,9.20365345780214,18.9895530366386
"330",1989-11-26,14.0667938920917,9.33487156465987,18.8737136543363
"331",1989-11-27,14.4599934241095,9.24855120624134,19.740913183553
"332",1989-11-28,14.6872094382389,9.91524064644946,19.6295378476389
"333",1989-11-29,14.7519428273288,9.84425500078748,19.7800253828998
"334",1989-11-30,14.4503982309493,9.10291294101892,19.322212876475
"335",1989-12-01,14.5306121811245,9.41836092234344,19.5722313521958
"336",1989-12-02,14.7719357556735,9.50662686534002,19.8022227516183
"337",1989-12-03,14.8139524867539,9.59711951532898,19.7251001331906
"338",1989-12-04,15.3722469902137,10.3177661760278,20.4287974233826
"339",1989-12-05,15.6813491626749,10.7973542936911,20.4284032078584
"340",1989-12-06,15.7183794255087,10.6537203543202,20.5452413331289
"341",1989-12-07,15.3155267851862,10.2838328364682,20.2035845829901
"342",1989-12-08,15.2642108083539,9.65430283503246,20.2152775303967
"343",1989-12-09,15.3593653166416,10.4639303055196,20.3501771203661
"344",1989-12-10,15.2463179027168,9.65444747131626,20.6003676920781
"345",1989-12-11,15.6778450053752,10.4570364478849,20.6216929600421
"346",1989-12-12,15.9634367540433,11.0929211075546,20.8875274361756
"347",1989-12-13,16.1419781608575,11.2423447702483,21.3178789526342
"348",1989-12-14,16.0274893694859,10.8150997805517,20.6735388259048
"349",1989-12-15,16.2979304732274,11.353486128612,21.6170440173315
"350",1989-12-16,16.6009598370171,11.5936743176468,21.9181985587664
"351",1989-12-17,16.4935074954341,11.3153219458945,21.3609219615476
"352",1989-12-18,16.745658092324,11.4671084835429,21.958901491396
"353",1989-12-19,16.7541891334447,11.8098216670944,21.7482211445569
"354",1989-12-20,16.6354008297336,11.6995409531432,21.6382451091796
"355",1989-12-21,16.2234898494952,11.2847703153373,21.0605962460429
"356",1989-12-22,16.1854979066824,11.3688568144005,20.9941833778048
"357",1989-12-23,16.1928034477253,11.2378470959797,21.1031580210783
"358",1989-12-24,15.8908674996565,11.1581023858177,21.4921490589576
"359",1989-12-25,16.1561599792721,11.5419930326449,21.3504891729216
"360",1989-12-26,16.4210797771778,11.3771166612926,21.4473024753459
"361",1989-12-27,16.7180297412474,11.2722525535179,21.5088080018765
"362",1989-12-28,16.7195099697688,11.8125463744845,21.8111822078057
"363",1989-12-29,16.9553060007799,11.8064828827794,22.1761716352707
"364",1989-12-30,17.0618945743454,11.8020625906393,22.3083789012897
"365",1989-12-31,16.7434577385304,11.6504546549502,21.9020337678989
"366",1990-01-01,16.949883571578,12.0123038304398,22.1126907172266
"367",1990-01-02,17.130169319253,11.9150884016055,21.6933438225123
"368",1990-01-03,17.2772383820099,12.2303176348911,22.1967908905112
"369",1990-01-04,17.0335083525027,11.994745172342,22.2850491580653
"370",1990-01-05,16.9688346726385,12.1263328624303,22.3800975023573
"371",1990-01-06,16.8232595522769,11.9172951586052,21.781386033317
"372",1990-01-07,16.3979644750269,11.4423774587143,21.2741348492485
"373",1990-01-08,16.6647125218956,11.4620272750863,21.8052451258599
"374",1990-01-09,17.0139163921988,12.4208224788897,22.3695714711252
"375",1990-01-10,17.356919099912,12.3732493701332,22.6053037438368
"376",1990-01-11,17.2924130325176,12.2004196376125,22.4872424300656
"377",1990-01-12,17.3908337965301,11.980313965729,22.5635272960454
"378",1990-01-13,17.3902649528852,12.2245179675448,22.486384723966
"379",1990-01-14,17.0445181604215,12.0590526861081,21.9581852509509
"380",1990-01-15,17.2475419865066,12.3047134774489,22.1549926430592
"381",1990-01-16,17.3480608655697,12.4407475257857,22.449580467875
"382",1990-01-17,17.3070203299514,12.3200433880232,22.3308666965262
"383",1990-01-18,16.8492732503695,11.4197738868167,22.2624506544141
"384",1990-01-19,16.6687404122976,11.920487465061,21.4883284677352
"385",1990-01-20,16.5480605887306,11.9622386912565,21.5485983008031
"386",1990-01-21,16.1999590642352,11.0701433841498,21.059870864853
"387",1990-01-22,16.4562491322252,11.1834481983413,21.7854206242866
"388",1990-01-23,16.6530194700812,11.8067912663963,21.5918291768792
"389",1990-01-24,16.7948862086847,11.620926933816,21.6772647540427
"390",1990-01-25,16.6435991281269,11.6915836419074,21.74875114496
"391",1990-01-26,16.8546899173944,12.1428033328364,21.9841871168318
"392",1990-01-27,17.0964281877323,11.9382745264514,22.2490413415387
"393",1990-01-28,16.9683248865923,11.9916223731461,21.853267417491
"394",1990-01-29,17.2790901551864,12.3310763303509,21.9654373544239
"395",1990-01-30,17.4505800386206,12.5235366879643,22.9168407115368
"396",1990-01-31,17.6093840354962,12.7542438648057,22.6267443603484
"397",1990-02-01,17.5720333688124,12.7325379747015,22.6358511790088
"398",1990-02-02,17.9355454823246,12.8216417029439,22.8646482530677
"399",1990-02-03,18.2439033714497,12.9785896862745,23.3745049461916
"400",1990-02-04,18.0023467931732,13.051682705917,22.929236338102
"401",1990-02-05,18.0174315676266,13.0791353992055,23.3814484402877
"402",1990-02-06,17.786180762353,12.8472911784003,22.5946023682676
"403",1990-02-07,17.5255632961406,12.3304901337667,22.3843120510447
"404",1990-02-08,17.1140466609848,12.0519822096086,22.0731796818094
"405",1990-02-09,17.1910342687808,12.2197355046078,22.0788873432119
"406",1990-02-10,17.3560976277183,12.2873807067218,22.4870720242237
"407",1990-02-11,17.1835303043373,12.0829226907771,21.9775393068904
"408",1990-02-12,17.5102751923634,12.8884338782289,22.5535011754031
"409",1990-02-13,17.7639355297157,12.7175083210146,22.8830845717
"410",1990-02-14,17.989327557959,12.8466167126314,23.1206126808898
"411",1990-02-15,17.8682121670223,12.9391722301577,23.0412606844871
"412",1990-02-16,17.9274578710309,12.7955743454471,22.6796790711149
"413",1990-02-17,17.7946071847718,12.7210448181607,22.6233843670494
"414",1990-02-18,17.1751994284286,11.6722365457207,22.038622834761
"415",1990-02-19,17.0473651210736,12.2895327331087,21.8975741214906
"416",1990-02-20,16.9205770913606,12.1577144802348,21.9266541748195
"417",1990-02-21,16.8653677720057,11.8259629832921,21.9411271353278
"418",1990-02-22,16.5833472281909,11.4318375823874,21.6208105604049
"419",1990-02-23,16.6442160868246,11.6249561031737,21.8843815511062
"420",1990-02-24,16.7088960506114,11.5148522431304,22.0791292015351
"421",1990-02-25,16.4443088507707,11.5181954380832,21.6377190876708
"422",1990-02-26,16.6977454356697,11.3451085389077,21.5478043830383
"423",1990-02-27,16.8176359661026,11.428687953682,21.9284301689152
"424",1990-02-28,16.7893676555491,11.6364934296936,21.8975713304693
"425",1990-03-01,16.3682246661328,11.5625111630412,21.403746413985
"426",1990-03-02,16.2784048554857,11.2040823181472,21.3213343506245
"427",1990-03-03,16.3237922368221,11.2536027829423,21.3626357116809
"428",1990-03-04,16.2055968041744,11.0055377504705,21.0934089947093
"429",1990-03-05,16.6890599544727,11.4099623640858,21.7397031331732
"430",1990-03-06,17.0018170648883,11.7681312429175,21.8872379097937
"431",1990-03-07,17.0590783577456,11.9534576414058,21.9432555038147
"432",1990-03-08,16.6251430922828,11.5502241825506,22.1834272729321
"433",1990-03-09,16.472159764488,11.6124881491591,21.359645222499
"434",1990-03-10,16.4368457146517,11.3088091715802,21.3784776489756
"435",1990-03-11,16.2277100362117,11.3783728885802,21.4777612781483
"436",1990-03-12,16.6270785693556,11.8410502972222,21.2637203864789
"437",1990-03-13,16.9191482869999,11.818942339897,21.9079098453421
"438",1990-03-14,17.0918503964219,12.0964075747397,22.0916798893633
"439",1990-03-15,16.9321856579898,11.4284039877204,21.7255844407519
"440",1990-03-16,17.1380206444453,12.4823895914737,22.4595986547079
"441",1990-03-17,17.4004441702506,11.8746923070441,22.2333016775842
"442",1990-03-18,17.298128924342,12.1673464379486,22.5004027392601
"443",1990-03-19,17.5779973995839,12.4750627114627,22.9585392072383
"444",1990-03-20,17.5883763160023,12.2339864510246,22.6879722368011
"445",1990-03-21,17.4135664868327,12.5685040332179,22.5841862079707
"446",1990-03-22,16.8956576266629,12.2357419145104,22.1018975900895
"447",1990-03-23,16.7342424590376,11.5285528121345,22.102926832445
"448",1990-03-24,16.6222822272765,11.3989501237495,21.9774269484776
"449",1990-03-25,16.1968630930182,10.8862608963944,20.9810129561045
"450",1990-03-26,16.3118423984356,11.3751760483068,21.3375913725893
"451",1990-03-27,16.3946428574298,11.3083856564938,21.5975346640498
"452",1990-03-28,16.5028873663031,10.9681041880067,21.3889766502534
"453",1990-03-29,16.3423408160759,10.8179326688691,21.2997375847941
"454",1990-03-30,16.4486947879999,11.9499499187309,21.5076442876059
"455",1990-03-31,16.4257599743661,11.4723294723155,21.7381123969134
"456",1990-04-01,15.9346050209583,10.8614695565049,20.75241606065
"457",1990-04-02,15.9145294526907,10.8797220660327,21.0658686946047
"458",1990-04-03,15.85222315212,10.7011685463351,21.2984250679974
"459",1990-04-04,15.7966138383038,10.9151097183086,21.1426310728293
"460",1990-04-05,15.4138635207164,10.0586592420751,20.3666063104759
"461",1990-04-06,15.2411060611073,10.2746408002906,20.3897745139049
"462",1990-04-07,14.9560131077751,9.17438091076551,19.9656711100077
"463",1990-04-08,14.3233588539914,8.98502882575792,19.5577811986256
"464",1990-04-09,14.339005463828,9.12312972531668,19.3200676570495
"465",1990-04-10,14.4597855465212,9.43075089596259,19.4806980348233
"466",1990-04-11,14.6509447803179,9.83621090287691,20.2097817464083
"467",1990-04-12,14.5101684944466,9.60194571253896,19.3549294277733
"468",1990-04-13,14.5588911050139,9.15642063623225,19.5901877242746
"469",1990-04-14,14.4856724142796,9.49812315508851,19.4913197507141
"470",1990-04-15,14.0373731899815,8.95703956635647,19.0786410705261
"471",1990-04-16,14.1437618938624,9.55008850692403,19.2970103777068
"472",1990-04-17,14.1925034525249,9.10230237534955,19.3313380048841
"473",1990-04-18,14.1468149871437,9.42746181016231,19.3890260388811
"474",1990-04-19,13.6946158599946,8.42743401602154,18.8192059622434
"475",1990-04-20,13.4884672214022,8.10810629681917,18.4043523543063
"476",1990-04-21,13.3020254417182,7.86098277972186,18.1241178536558
"477",1990-04-22,12.875196084355,7.46615889755764,17.9653757516235
"478",1990-04-23,13.0728092523554,8.30149576192806,18.2596916038893
"479",1990-04-24,13.237483167479,8.09670128312654,18.2071923413544
"480",1990-04-25,13.3516266824086,7.81599606249704,18.2852041256338
"481",1990-04-26,13.1538774081912,7.88987130216466,18.139326243797
"482",1990-04-27,13.3026255952982,8.04404685729704,18.615751437205
"483",1990-04-28,13.49135600915,8.46969995426472,18.304656521274
"484",1990-04-29,13.3360092625447,8.0986558230175,18.3958462206148
"485",1990-04-30,13.6275426719303,8.79396490906461,19.0324106934315
"486",1990-05-01,13.7459894716286,8.33615541740381,18.913358158696
"487",1990-05-02,13.792091510194,9.12479233112166,19.0493291452317
"488",1990-05-03,13.6043534011317,8.5846028110958,18.6950520550112
"489",1990-05-04,13.8388722627788,8.4751554548052,19.4023129937672
"490",1990-05-05,14.0870619147939,8.9150064786547,19.1426317378543
"491",1990-05-06,13.8454108608788,8.33428400640458,18.4885093155928
"492",1990-05-07,13.8570848076436,8.43922401229129,19.0931441187438
"493",1990-05-08,13.5503521293608,8.71859185693629,18.4720952099669
"494",1990-05-09,13.1232458090274,8.04539785825724,18.4374983699004
"495",1990-05-10,12.4983217178523,7.30745324316801,17.678340400042
"496",1990-05-11,12.3829899671761,7.61024901326894,17.4802500805786
"497",1990-05-12,12.4135971950021,7.25683275893378,17.4508440336092
"498",1990-05-13,12.1477387493965,7.21335848882967,17.2156728464552
"499",1990-05-14,12.3795837936428,7.09068735072882,17.2748854892698
"500",1990-05-15,12.5155137560557,7.32096296145154,17.1667036517835
"501",1990-05-16,12.6222966559796,7.39448992773266,17.8192710535577
"502",1990-05-17,12.4233036337752,7.76614746546651,17.4149968996737
"503",1990-05-18,12.4628142857165,7.38056681410284,17.6787884898722
"504",1990-05-19,12.340791323711,6.73048755652636,17.430514735167
"505",1990-05-20,11.7124121758778,6.53530436782418,16.5984794803469
"506",1990-05-21,11.5260897944638,6.38817709960018,16.7458797844916
"507",1990-05-22,11.3056475996083,6.51214796378452,16.3822768797685
"508",1990-05-23,11.1629249556302,5.95146109811522,16.3591622051714
"509",1990-05-24,10.8290334882892,5.42979335639993,15.8337570193096
"510",1990-05-25,10.869150246827,5.66619613121838,15.6993678637922
"511",1990-05-26,10.9193226979246,5.79214181020366,16.1050059084157
"512",1990-05-27,10.6331398525429,5.90396604311788,15.8176187060272
"513",1990-05-28,10.8708462393697,5.73662568614388,15.9842276314261
"514",1990-05-29,11.0015700270042,6.1406954219378,16.1191886012307
"515",1990-05-30,11.0074554597615,6.03178891216148,15.8885460259013
"516",1990-05-31,10.607834807196,5.7075997229377,15.7392053767844
"517",1990-06-01,10.4866375966839,5.37860438318019,15.3973813782768
"518",1990-06-02,10.4441502895503,5.4395793659357,15.5434801670431
"519",1990-06-03,10.2269527814249,5.16336656631617,15.6908153838839
"520",1990-06-04,10.6610378695326,5.49276991073357,15.4891868705518
"521",1990-06-05,10.9971683991671,6.21896619689275,16.2905646591413
"522",1990-06-06,11.1114507328071,5.59673774298355,16.3942214824097
"523",1990-06-07,10.6953577328983,5.50197299577917,16.0458398858545
"524",1990-06-08,10.4731784985692,5.41241947008607,15.4339790847402
"525",1990-06-09,10.2965856530609,5.35913823227994,15.239538319255
"526",1990-06-10,9.93606474094212,4.57793472827512,14.8891267202453
"527",1990-06-11,10.228881925153,5.27230052364379,15.4605682995395
"528",1990-06-12,10.4638688047839,5.35151024494424,15.6578897175155
"529",1990-06-13,10.5882054241937,5.34716212184085,15.7795313349332
"530",1990-06-14,10.3479501019884,5.47595719598979,15.6819129634364
"531",1990-06-15,10.4411420000089,5.26690363937368,15.2320932232552
"532",1990-06-16,10.5994746781528,5.75450658439058,15.9531457117093
"533",1990-06-17,10.4430192165003,5.49202066538481,15.4331392662803
"534",1990-06-18,10.721669380439,5.53296123040312,15.8365442095597
"535",1990-06-19,10.746467435183,4.95938250636349,16.0924553043761
"536",1990-06-20,10.5595236514845,5.77583668948578,15.8818929505923
"537",1990-06-21,9.99303643131808,4.8619787219932,14.8880807622296
"538",1990-06-22,9.77317603942443,4.54056037653746,14.7334223110854
"539",1990-06-23,9.62614986499092,4.59501763979881,14.4347483496356
"540",1990-06-24,9.19729349731986,4.23670386144173,14.754386070108
"541",1990-06-25,9.3220112443415,4.05731263231045,14.9003504181778
"542",1990-06-26,9.41043742233141,4.40183565086764,14.5679914468363
"543",1990-06-27,9.53014925041729,4.78599724526929,14.3972894046858
"544",1990-06-28,9.41884288900716,4.06079407235576,14.8916095812751
"545",1990-06-29,9.632869928601,4.38439568113205,14.7809691220451
"546",1990-06-30,9.75821161147054,4.76113409107307,14.7318089464802
"547",1990-07-01,9.40900030698185,3.84373509545059,15.2423267704498
"548",1990-07-02,9.48941368263986,4.41491380345475,14.4001986868667
"549",1990-07-03,9.49710107922245,4.99378691336883,14.8342296170262
"550",1990-07-04,9.53057958580538,4.2647120312042,14.6064550448813
"551",1990-07-05,9.29844583154354,4.53228989632959,14.1525147371982
"552",1990-07-06,9.33011022103594,4.51127332104359,14.0245800743406
"553",1990-07-07,9.24630293152244,4.14025870613468,14.7479062802532
"554",1990-07-08,8.75225733158161,4.11341365336731,13.7515407562925
"555",1990-07-09,8.83304683170547,3.82782830170731,13.7395125707253
"556",1990-07-10,8.99303643465218,4.03225321618047,14.2141305591317
"557",1990-07-11,9.26213143222048,4.5514685061149,14.4647961596595
"558",1990-07-12,9.26492372988639,3.81398500625963,14.1942592812681
"559",1990-07-13,9.49232852982948,4.5178960325445,14.2678485845312
"560",1990-07-14,9.57631550405633,4.31350530709977,14.3028850560317
"561",1990-07-15,9.23264097588384,3.99927939545433,14.0246002548134
"562",1990-07-16,9.40960112104966,4.08032994376922,14.4587968946721
"563",1990-07-17,9.53980909015918,4.32876968346581,14.8759170211486
"564",1990-07-18,9.6121072090413,4.24563711992135,14.805849341232
"565",1990-07-19,9.29668044728731,4.28145206350582,14.4662224659949
"566",1990-07-20,9.20387089074956,4.13861824412358,14.4655418516037
"567",1990-07-21,9.08183329570083,3.66881007990595,14.1712856034506
"568",1990-07-22,8.68467408148349,3.64442507031042,13.8578638723606
"569",1990-07-23,8.9153004521256,3.97690333850445,13.9586589993546
"570",1990-07-24,9.14182749551708,3.85785859809502,14.3089167497436
"571",1990-07-25,9.339677648955,4.55213742506204,14.1038628342004
"572",1990-07-26,9.22313843685137,4.18907283167168,14.4279779870542
"573",1990-07-27,9.44092657214139,4.63756308546969,14.5838008107824
"574",1990-07-28,9.70526526795039,4.51735931479717,14.8736189468703
"575",1990-07-29,9.659102417407,4.66120166135971,15.1478068447839
"576",1990-07-30,10.0954843797704,4.93964632900684,15.0976764888418
"577",1990-07-31,10.3619519439105,5.37631936410808,15.4339803979668
"578",1990-08-01,10.5204163718075,5.59540953635299,15.6955154147184
"579",1990-08-02,10.4055849298972,5.16134907978968,15.3581267906094
"580",1990-08-03,10.7176193435568,5.78630887629108,15.6051711310467
"581",1990-08-04,11.1066343315596,5.97016234806565,16.1110143391199
"582",1990-08-05,11.08955377127,6.02828281014445,16.2519703100451
"583",1990-08-06,11.3671179194518,6.50995863945694,16.4574942063648
"584",1990-08-07,11.291015576955,5.78635496493522,16.6577008507349
"585",1990-08-08,11.0077994541316,5.7896035355402,16.3080805027889
"586",1990-08-09,10.4523448805432,5.27934695479472,15.6726595614185
"587",1990-08-10,10.3931805329709,5.43803107576162,15.4506353567573
"588",1990-08-11,10.5227789938301,5.51001226937983,15.722839565493
"589",1990-08-12,10.4060034618017,5.47047157566795,15.821206439061
"590",1990-08-13,10.7989187443949,5.47982214445057,15.7172367586629
"591",1990-08-14,11.0678049832516,5.9403890920065,16.1277333356868
"592",1990-08-15,11.2771778483455,6.07958636012216,16.4251064906864
"593",1990-08-16,11.1849488629062,5.56458462685968,15.9902060094849
"594",1990-08-17,11.3681732235975,6.23496191567996,16.25798929312
"595",1990-08-18,11.4209224850996,6.28910259507913,16.5492858486334
"596",1990-08-19,10.9547622854438,5.58244775792952,16.2402042536398
"597",1990-08-20,10.8742820448,5.76990288112792,16.1256099709424
"598",1990-08-21,10.6970902591242,5.35711230859253,15.9972194052163
"599",1990-08-22,10.5692836602759,5.69558922271635,15.3786814844702
"600",1990-08-23,10.2640560407997,5.35202162306377,15.1423745003609
"601",1990-08-24,10.3614703032023,5.72964480361127,15.6434968784793
"602",1990-08-25,10.4809938910219,5.46216931136378,15.4247076138588
"603",1990-08-26,10.255315286444,5.20268847221485,15.3979209922945
"604",1990-08-27,10.5470178058802,5.32973294467913,15.8260399233672
"605",1990-08-28,10.7487277173741,5.53462312946183,15.7498104968068
"606",1990-08-29,10.8577018310781,5.34561115485451,16.2708312117486
"607",1990-08-30,10.5755847408226,5.64254140572643,15.5459753114501
"608",1990-08-31,10.5460115386219,5.38694542637942,15.6889041109596
"609",1990-09-01,10.5457687231359,5.67387296604725,15.6724849645964
"610",1990-09-02,10.3456927645558,5.22418848429979,15.6517978368144
"611",1990-09-03,10.8324581649047,5.70475613617792,16.2599327614054
"612",1990-09-04,11.3050908149312,6.19340546111008,16.5683658310024
"613",1990-09-05,11.6313454244473,6.84846792061821,16.6623009433476
"614",1990-09-06,11.4396567766624,6.15741442809176,16.6957101619778
"615",1990-09-07,11.3858817919067,6.19429123070375,16.1368337226487
"616",1990-09-08,11.302511112013,5.9144321806616,16.4448600864423
"617",1990-09-09,11.0023860656959,5.78746174128501,16.1238262387372
"618",1990-09-10,11.386752661865,6.15662363310047,16.5144091750455
"619",1990-09-11,11.7747607095812,6.88902279052837,16.9990694039075
"620",1990-09-12,12.0888684924056,7.05208370794093,17.1495364331545
"621",1990-09-13,12.0245065700142,6.96398675326855,17.1916567389677
"622",1990-09-14,12.2528246425296,7.13244307453999,17.264028403744
"623",1990-09-15,12.5254493936758,7.05896629909564,17.7410800245026
"624",1990-09-16,12.5058917180183,7.48333391187055,18.0435297163114
"625",1990-09-17,12.965836860073,7.76629703807845,18.0672717345944
"626",1990-09-18,13.1932904620286,7.92925465414047,18.0710137947159
"627",1990-09-19,13.1821571903408,7.79432029780825,18.6916567437231
"628",1990-09-20,12.733064077462,7.81404877048813,18.0224070989484
"629",1990-09-21,12.5807535673125,7.15592092978802,17.9133201628455
"630",1990-09-22,12.4849432317801,7.44924371338776,17.8570450075236
"631",1990-09-23,12.1137284537536,6.77241049435213,17.116045345605
"632",1990-09-24,12.2953534837146,7.41211284204843,17.2000128302378
"633",1990-09-25,12.4183193567597,7.23422441679779,17.3914744411802
"634",1990-09-26,12.5456832781161,7.53097919307209,17.4329077400588
"635",1990-09-27,12.4401013589807,7.42929468679611,17.4869590310749
"636",1990-09-28,12.6902087934063,7.60154026579007,17.7121524836402
"637",1990-09-29,12.8864075148155,7.6580240359101,17.7334455802953
"638",1990-09-30,12.6085617634828,7.77654454046439,17.6175299334166
"639",1990-10-01,12.7164494505666,7.25766254697673,18.0041842225034
"640",1990-10-02,12.6964826550241,7.70087928236146,17.516782195529
"641",1990-10-03,12.6849468817451,7.45612689598911,17.6119593316373
"642",1990-10-04,12.4470541459755,7.26544680106833,17.4367052118133
"643",1990-10-05,12.5367037829107,8.00107745746556,17.6373517027969
"644",1990-10-06,12.5423142557124,7.54551788728777,17.7227177665146
"645",1990-10-07,12.1064626375752,6.93074481911045,17.2520213199182
"646",1990-10-08,12.1767123815563,6.77236145336042,16.8309132456261
"647",1990-10-09,12.2797662245153,7.25158348492631,17.3964145198834
"648",1990-10-10,12.5099009181827,7.37654823891922,17.7285726979066
"649",1990-10-11,12.5437175115266,7.60500985725075,17.573033645322
"650",1990-10-12,12.8697383335926,7.46966931578501,17.8645845478078
"651",1990-10-13,13.0702049202371,8.00668616974579,18.1544588076223
"652",1990-10-14,12.8112076435921,7.7585870685641,17.9766699264298
"653",1990-10-15,13.0343019136689,7.43170181755841,18.0955112740849
"654",1990-10-16,13.2082136250973,8.05994822129926,18.1844189366649
"655",1990-10-17,13.3609128524426,8.33797561489071,18.3712356133172
"656",1990-10-18,13.164895297076,8.04085289922682,18.0587158125772
"657",1990-10-19,13.1935516032865,7.79239690832947,18.1769560271519
"658",1990-10-20,13.1537517700166,8.2084047608413,18.6919033156223
"659",1990-10-21,12.7909017984341,7.22296071640564,18.0429519195519
"660",1990-10-22,13.0355922710363,7.86879160246676,18.4644701652183
"661",1990-10-23,13.2895900087355,8.62032105976077,18.3330922440537
"662",1990-10-24,13.5354789279271,8.3293316898863,18.5978309115635
"663",1990-10-25,13.4658736752005,8.68034386650924,18.4997110805769
"664",1990-10-26,13.706827197904,8.50745113422035,18.7752260791192
"665",1990-10-27,13.9739083930067,8.73752009074463,18.9147862973841
"666",1990-10-28,13.9359832373892,8.59415413282704,18.9049958984584
"667",1990-10-29,14.4035738132584,9.64279464692027,19.6614978707025
"668",1990-10-30,14.7078421961897,9.41450954579664,19.7628456432543
"669",1990-10-31,14.8703893499797,9.54068710690264,20.6150796595006
"670",1990-11-01,14.7014151462919,9.56377495113391,19.5988484290541
"671",1990-11-02,14.9239152419836,9.84541523789036,19.8849229427182
"672",1990-11-03,15.2473037063748,10.3693807686558,20.396839065706
"673",1990-11-04,15.2355945833767,10.1119518785502,20.5593977132177
"674",1990-11-05,15.5801946530796,10.3234787043348,20.4591384308825
"675",1990-11-06,15.5690233652055,10.2338488003263,20.8149438756711
"676",1990-11-07,15.2800902964038,10.3242945860987,20.4597413972588
"677",1990-11-08,14.6302899808469,9.23836935236653,19.9869264589799
"678",1990-11-09,14.4337608390355,9.37581231693521,19.5570425613948
"679",1990-11-10,14.4525990905675,9.47710684608055,19.7280910966912
"680",1990-11-11,14.2895555788113,8.62730669702754,19.5541301703766
"681",1990-11-12,14.6841069909539,9.6285783130686,19.842409481241
"682",1990-11-13,14.9586782457465,9.85141678767145,20.2565350555591
"683",1990-11-14,15.1545054755156,9.87932572614343,20.2335138427441
"684",1990-11-15,15.0489780821488,9.81955033984742,20.0850117778428
"685",1990-11-16,15.2585787970361,10.5555490967344,20.4187007649872
"686",1990-11-17,15.3934930951272,10.3417222956101,20.5453437180779
"687",1990-11-18,15.0375555261654,9.96127220202589,20.0896335098352
"688",1990-11-19,15.045820570727,9.84072137404045,20.4031136688513
"689",1990-11-20,14.9074596808411,9.45605048265084,20.3880613812514
"690",1990-11-21,14.7839801849997,9.33754106970499,19.8787906694009
"691",1990-11-22,14.4901605029488,9.24155826709542,19.6908364747497
"692",1990-11-23,14.6348236033382,9.97052169716553,19.9362316987199
"693",1990-11-24,14.8313222500254,9.32353674265273,20.1442575458871
"694",1990-11-25,14.6855284066257,9.41758549469264,20.1430283147888
"695",1990-11-26,15.0450254277971,10.023940985431,20.1357642011838
"696",1990-11-27,15.3145138118407,10.0347121820266,20.7744404084031
"697",1990-11-28,15.5120708667492,10.3948634081468,20.9502455026823
"698",1990-11-29,15.3370769384785,10.0663449040637,20.522764044788
"699",1990-11-30,15.3986254041248,10.2792847907649,20.7178848003174
"700",1990-12-01,15.4345529587129,10.3982106234368,20.5962162536814
"701",1990-12-02,15.2129074949774,10.1984451933255,20.3851065293381
"702",1990-12-03,15.6658652175777,10.430303237084,20.9634167237204
"703",1990-12-04,16.1527757214434,11.2801161190467,21.0259296790525
"704",1990-12-05,16.5638585415646,11.7442089499004,22.0605471202334
"705",1990-12-06,16.4879287824358,11.610373472194,21.8542464819988
"706",1990-12-07,16.5079326003937,11.4195613841225,21.9733019490995
"707",1990-12-08,16.4089379546214,11.3487004001164,21.5002552318443
"708",1990-12-09,16.0195837564528,11.0040810798845,20.8155293281362
"709",1990-12-10,16.304088912512,11.0339218659274,21.4617324133963
"710",1990-12-11,16.6374154996774,11.5063038242863,21.5833229272881
"711",1990-12-12,16.9471961441279,11.7804888464176,22.6511959461749
"712",1990-12-13,16.888231061515,11.5719804891866,22.4509683046774
"713",1990-12-14,17.0904560436055,11.9004615084914,22.1830396261091
"714",1990-12-15,17.3050987224895,12.2666345644615,22.4594659589113
"715",1990-12-16,17.2355056909739,12.1476208573982,22.3198699945381
"716",1990-12-17,17.6938750122213,12.6922907391459,23.3126817293277
"717",1990-12-18,17.970241227497,12.8864309466099,23.2888572212771
"718",1990-12-19,18.0202867055858,12.9492799601969,23.2450180978285
"719",1990-12-20,17.6015974094388,12.3698994994086,22.7422980846554
"720",1990-12-21,17.4383596144743,12.1647579136601,22.6955399852722
"721",1990-12-22,17.3164654612134,12.0871974071684,23.1554764339401
"722",1990-12-23,16.9371159046635,11.746998175403,22.326483366387
"723",1990-12-24,17.1368129299322,12.1323967491772,21.9388419506627
"724",1990-12-25,17.2855409457846,11.919068619387,22.4650949182214
"725",1990-12-26,17.4286684858683,12.1737042697631,22.8815428526541
"726",1990-12-27,17.3378634514099,12.3598999271217,22.430406181749
"727",1990-12-28,17.6321639320972,12.5645661448059,22.6546548580718
"728",1990-12-29,17.9206908985589,12.6489044598581,23.1183226212216
"729",1990-12-30,17.7634898588009,12.4038324062284,23.29175983753
"730",1990-12-31,17.9718132107877,13.065143760634,23.241970785361
